-- TABLA: ESPECIALIDAD

INSERT INTO ESPECIALIDAD(IDESPE,NOMBRE) VALUES(1,'INGENIERIA ESTADISTICA');
INSERT INTO ESPECIALIDAD(IDESPE,NOMBRE) VALUES(2,'INGENIERIA ECONOMICA');
INSERT INTO ESPECIALIDAD(IDESPE,NOMBRE) VALUES(3,'INGENIERIA ESTADISTICA PARA CIENCIA DE DATOS');
GO

SELECT * FROM ESPECIALIDAD;
GO

-- TABLA CURSO
-- ===================================

SET IDENTITY_INSERT CURSO ON;
GO

-- CORONEL
INSERT INTO CURSO(IDCURSO,IDESPE,CODIGO,NOMBRE,CREDITOS) VALUES(1,1,'DAS','DISE헲 Y ANALISIS DE SISTEMAS',4);
INSERT INTO CURSO(IDCURSO,IDESPE,CODIGO,NOMBRE,CREDITOS) VALUES(2,1,'ALGEST','ALGORITMOS ESTADISTICOS',4);
INSERT INTO CURSO(IDCURSO,IDESPE,CODIGO,NOMBRE,CREDITOS) VALUES(3,1,'FUNDPROG','FUNDAMENTOS DE PROGRAMACION',4);
INSERT INTO CURSO(IDCURSO,IDESPE,CODIGO,NOMBRE,CREDITOS) VALUES(4,2,'ECONOME','ECONOMETRIA',5);
INSERT INTO CURSO(IDCURSO,IDESPE,CODIGO,NOMBRE,CREDITOS) VALUES(5,2,'ECOSOME','ECONOMIA SOCIAL DE MERCADO',5);
INSERT INTO CURSO(IDCURSO,IDESPE,CODIGO,NOMBRE,CREDITOS) VALUES(6,2,'ECODIFU','ECONOMIA DIFUSA',6);
GO


-- GARCIA
INSERT INTO CURSO(IDCURSO,IDESPE,CODIGO,NOMBRE,CREDITOS) VALUES(20,1,'INFE','INFERENCIA ESTADISTICA',5);
INSERT INTO CURSO(IDCURSO,IDESPE,CODIGO,NOMBRE,CREDITOS) VALUES(21,1,'GPS','GERENCIA DE PROYECTOS',3);
INSERT INTO CURSO(IDCURSO,IDESPE,CODIGO,NOMBRE,CREDITOS) VALUES(22,1,'DM','MINERIA DE DATOS',4);
INSERT INTO CURSO(IDCURSO,IDESPE,CODIGO,NOMBRE,CREDITOS) VALUES(23,2,'IMER','INVESTIGACION DE MERCADOS',4);
INSERT INTO CURSO(IDCURSO,IDESPE,CODIGO,NOMBRE,CREDITOS) VALUES(24,2,'EESP','ESTADISTICA ESPACIAL',4);
INSERT INTO CURSO(IDCURSO,IDESPE,CODIGO,NOMBRE,CREDITOS) VALUES(25,2,'OPTI','OPTIMIZACION',5);
GO

--SUVIETA
INSERT INTO CURSO(IDCURSO,IDESPE,CODIGO,NOMBRE,CREDITOS) VALUES(10,1,'DESCRIPT','ESTADISTICA DESCRIPTIVA',5);
INSERT INTO CURSO(IDCURSO,IDESPE,CODIGO,NOMBRE,CREDITOS) VALUES(11,1,'MODEL','MODELOS LINEALES',4);
INSERT INTO CURSO(IDCURSO,IDESPE,CODIGO,NOMBRE,CREDITOS) VALUES(12,1,'PROB','PROBABILIDAD',3);
INSERT INTO CURSO(IDCURSO,IDESPE,CODIGO,NOMBRE,CREDITOS) VALUES(13,2,'MICRO','MICROECONOMIA',5);
INSERT INTO CURSO(IDCURSO,IDESPE,CODIGO,NOMBRE,CREDITOS) VALUES(14,2,'POLECO','POLITICA ECONOMICA',4);
INSERT INTO CURSO(IDCURSO,IDESPE,CODIGO,NOMBRE,CREDITOS) VALUES(15,2,'MACRO','MACROECONOMIA',4);
GO

-- DIAZ
INSERT INTO CURSO(IDCURSO, IDESPE, CODIGO, NOMBRE, CREDITOS) VALUES (30, 1, 'MEC', 'MEC쳁ICA DE DATOS', 3);
INSERT INTO CURSO(IDCURSO, IDESPE, CODIGO, NOMBRE, CREDITOS) VALUES (31, 1, 'DAT', 'DATOS ESTOCASTIOS', 4);
INSERT INTO CURSO(IDCURSO, IDESPE, CODIGO, NOMBRE, CREDITOS) VALUES (32, 1, 'ESTRUCT', 'ESTRUCTURAS DE DATOS', 4);
INSERT INTO CURSO(IDCURSO, IDESPE, CODIGO, NOMBRE, CREDITOS) VALUES (33, 1, 'SER', 'SERIES DE TIEMPO', 3);
INSERT INTO CURSO(IDCURSO, IDESPE, CODIGO, NOMBRE, CREDITOS) VALUES (34, 1, 'PROG', 'PROGRAMACI흁 I', 4);
INSERT INTO CURSO(IDCURSO, IDESPE, CODIGO, NOMBRE, CREDITOS) VALUES (35, 1, 'MATDIS', 'MATEM쳆ICAS DISCRETAS', 3);
GO


--VARILLAS
INSERT INTO CURSO(IDCURSO,IDESPE,CODIGO,NOMBRE,CREDITOS) VALUES(60,1,'ESTA1','ESTADISTICA 1',5);
INSERT INTO CURSO(IDCURSO,IDESPE,CODIGO,NOMBRE,CREDITOS) VALUES(61,1,'ESTA2','ESTADISTICA 2',5);
INSERT INTO CURSO(IDCURSO,IDESPE,CODIGO,NOMBRE,CREDITOS) VALUES(62,1,'ESTA3','ESTADISTICA 3',5);
INSERT INTO CURSO(IDCURSO,IDESPE,CODIGO,NOMBRE,CREDITOS) VALUES(63,2,'ECOECO','ECONOMIA ECOLOGICA',3);
INSERT INTO CURSO(IDCURSO,IDESPE,CODIGO,NOMBRE,CREDITOS) VALUES(64,2,'PLAEST','PLANEAMIENTO ESTRATEGICO',3);
INSERT INTO CURSO(IDCURSO,IDESPE,CODIGO,NOMBRE,CREDITOS) VALUES(65,2,'ECOPUB','ECONOMIA PUBLICA',3);
GO


-- ASTUCURI
INSERT INTO CURSO(IDCURSO,IDESPE,CODIGO,NOMBRE,CREDITOS) VALUES(50,1,'MULT','ANALISIS MULTIVARIADO',4);
INSERT INTO CURSO(IDCURSO,IDESPE,CODIGO,NOMBRE,CREDITOS) VALUES(51,1,'METD','METODOS ESTADISTICO',4);
INSERT INTO CURSO(IDCURSO,IDESPE,CODIGO,NOMBRE,CREDITOS) VALUES(52,1,'BAYE','ESTADISTICA BAYESIANA',5);
INSERT INTO CURSO(IDCURSO,IDESPE,CODIGO,NOMBRE,CREDITOS) VALUES(53,2,'CORP','FINANCIAS CORPORATIVAS',4);
INSERT INTO CURSO(IDCURSO,IDESPE,CODIGO,NOMBRE,CREDITOS) VALUES(54,2,'ECINTER','ECONOMIA INTERNACIONAL',4);
INSERT INTO CURSO(IDCURSO,IDESPE,CODIGO,NOMBRE,CREDITOS) VALUES(55,2,'ECFIN','ECONOMIA FINANCIERA',3);
GO


--UCULMANA
INSERT INTO CURSO(IDCURSO, IDESPE, CODIGO, NOMBRE, CREDITOS) VALUES (80, 2, 'MACROECON', 'MACROECONOM페', 4);
INSERT INTO CURSO(IDCURSO, IDESPE, CODIGO, NOMBRE, CREDITOS) VALUES (81, 2, 'FINANZ', 'FINANZAS CORPORATIVAS', 4);
INSERT INTO CURSO(IDCURSO, IDESPE, CODIGO, NOMBRE, CREDITOS) VALUES (82, 2, 'ECONOMET', 'ECONOMETR페', 4);
INSERT INTO CURSO(IDCURSO, IDESPE, CODIGO, NOMBRE, CREDITOS) VALUES (83, 2, 'DEMOG', 'DEMOGRAF페 Y ECONOM페', 3);
INSERT INTO CURSO(IDCURSO, IDESPE, CODIGO, NOMBRE, CREDITOS) VALUES (84, 2, 'ALG', '첿GEBRA LINEAL', 4);
INSERT INTO CURSO(IDCURSO, IDESPE, CODIGO, NOMBRE, CREDITOS) VALUES (85, 2, 'REGRE', 'REGRESI흁 LINEAL', 4);
INSERT INTO CURSO(IDCURSO, IDESPE, CODIGO, NOMBRE, CREDITOS) VALUES (86, 2, 'INVEST', 'INVESTIGACI흁 OPERATIVA', 3);
INSERT INTO CURSO(IDCURSO, IDESPE, CODIGO, NOMBRE, CREDITOS) VALUES (87, 2, 'SIMUL', 'SIMULACI흁 DE SISTEMAS', 3);
GO

SELECT * FROM CURSO;
GO


SET IDENTITY_INSERT CURSO OFF;
GO 


-- PROFESORES

SET IDENTITY_INSERT PROFESOR ON;
GO


INSERT INTO PROFESOR(IDPROFESOR,CODIGO,NOMBRE) VALUES(01,'20004356J','JUAN PEREZ');
INSERT INTO PROFESOR(IDPROFESOR,CODIGO,NOMBRE) VALUES(02,'20014834U','JORGE CIRILO');
INSERT INTO PROFESOR(IDPROFESOR,CODIGO,NOMBRE) VALUES(03,'20024666J','DOMINIC TORETTO');
INSERT INTO PROFESOR(IDPROFESOR,CODIGO,NOMBRE) VALUES(04,'20208596H','JUAN RAMOS');
INSERT INTO PROFESOR(IDPROFESOR,CODIGO,NOMBRE) VALUES(05,'20004355J','JUANA CACERES');
INSERT INTO PROFESOR(IDPROFESOR,CODIGO,NOMBRE) VALUES(06,'20004326J','GUSTAVO CORONEL');
INSERT INTO PROFESOR(IDPROFESOR,CODIGO,NOMBRE) VALUES(07,'20014586L','LAURA RAMIREZ');
INSERT INTO PROFESOR(IDPROFESOR,CODIGO,NOMBRE) VALUES(08,'20014378J','JUAN  PEREZ');
INSERT INTO PROFESOR(IDPROFESOR,CODIGO,NOMBRE) VALUES(09,'2004343IA','JAVICHO EL TIGRE');
INSERT INTO PROFESOR(IDPROFESOR,CODIGO,NOMBRE) VALUES(10,'20004356H','JORGE PEREZ');
INSERT INTO PROFESOR(IDPROFESOR,CODIGO,NOMBRE) VALUES(11,'20014356L','LUCRECIA SUVIETA');
INSERT INTO PROFESOR(IDPROFESOR,CODIGO,NOMBRE) VALUES(12,'20013556J','PIPON SUVIETA');
INSERT INTO PROFESOR(IDPROFESOR,CODIGO,NOMBRE) VALUES(13,'20017356J','ENZO PERROZAR NOZO');
INSERT INTO PROFESOR(IDPROFESOR,CODIGO,NOMBRE) VALUES(14,'20154356J','YANDEL TORRES');
INSERT INTO PROFESOR(IDPROFESOR,CODIGO,NOMBRE) VALUES(15,'20024315K','FRANKLIE YHNALA ROSAS ');
INSERT INTO PROFESOR(IDPROFESOR,CODIGO,NOMBRE) VALUES(16,'20017489H','JEREMIAS KUKIN');
INSERT INTO PROFESOR(IDPROFESOR,CODIGO,NOMBRE) VALUES(17,'20006423P','ROGER FEDERER');
INSERT INTO PROFESOR(IDPROFESOR,CODIGO,NOMBRE) VALUES(18,'20004562T','FRANKLIE COQUINO');
INSERT INTO PROFESOR(IDPROFESOR,CODIGO,NOMBRE) VALUES(19,'20003976D','ERICK PASIVE');
INSERT INTO PROFESOR(IDPROFESOR,CODIGO,NOMBRE) VALUES(20,'20013812I','JOHANA TRIGUER');
GO


SELECT * FROM PROFESOR;
GO

SET IDENTITY_INSERT PROFESOR OFF;
GO


-- TABLA: CICLO

INSERT INTO CICLO(CICLO,FEC_FIN,FEC_INICIO,ACTIVO) VALUES('20231','20230320','20230710',0);
INSERT INTO CICLO(CICLO,FEC_FIN,FEC_INICIO,ACTIVO) VALUES('20232','20230828','20231215',1);
GO

SELECT * FROM CICLO;
GO


-- TABLA ALUMNO

SET IDENTITY_INSERT ALUMNO ON;
GO


-- DIAZ
INSERT INTO ALUMNO(IDALUMNO,CODIGO,NOMBRE,CLAVE) VALUES(041,'20210001B','MARIO RAMIREZ LOPEZ','HUEVITO');
INSERT INTO ALUMNO(IDALUMNO,CODIGO,NOMBRE,CLAVE) VALUES(042,'20210002A','ANA FERNANDEZ SOTO','SALCHICHA');
INSERT INTO ALUMNO(IDALUMNO,CODIGO,NOMBRE,CLAVE) VALUES(043,'20210003B','JORGE VALDIVIA MORA','PCHLA');
INSERT INTO ALUMNO(IDALUMNO,CODIGO,NOMBRE,CLAVE) VALUES(044,'20210004A','PAOLA MIRANDA BLANCO','LEON');
INSERT INTO ALUMNO(IDALUMNO,CODIGO,NOMBRE,CLAVE) VALUES(045,'20210005B','PEDRO GOMEZ MIRANDA','TIGRE');
INSERT INTO ALUMNO(IDALUMNO,CODIGO,NOMBRE,CLAVE) VALUES(046,'20210006A','CARLA BUSTAMANTE MENDOZA','SERPIENTE');
INSERT INTO ALUMNO(IDALUMNO,CODIGO,NOMBRE,CLAVE) VALUES(047,'20210007B','LUIS ORTIZ PAREDES','AGUILA');
INSERT INTO ALUMNO(IDALUMNO,CODIGO,NOMBRE,CLAVE) VALUES(048,'20210008A','ROSA HERRERA VARGAS','TORTUGA');
INSERT INTO ALUMNO(IDALUMNO,CODIGO,NOMBRE,CLAVE) VALUES(049,'20210009B','RAUL FLORES CASTILLO','RINOCERONTE');
INSERT INTO ALUMNO(IDALUMNO,CODIGO,NOMBRE,CLAVE) VALUES(050,'20210010A','VICTORIA MONTES ALVAREZ','PANTERA');
GO

-- VARILLAS
INSERT INTO ALUMNO(IDALUMNO,CODIGO,NOMBRE,CLAVE) VALUES(011,'20201564J','ROGER FERRERO MARTINEZ','ROGERF');
INSERT INTO ALUMNO(IDALUMNO,CODIGO,NOMBRE,CLAVE) VALUES(012,'20190001A','JUAN MART펥EZ PREZ','JUAN123');
INSERT INTO ALUMNO(IDALUMNO,CODIGO,NOMBRE,CLAVE) VALUES(013,'20210002B','MAR페 G흀EZ FERN쳁DEZ','MARIA789');
INSERT INTO ALUMNO(IDALUMNO,CODIGO,NOMBRE,CLAVE) VALUES(014,'20170003C','CARLOS RODR펞UEZ MART펥','CARLOS12');
INSERT INTO ALUMNO(IDALUMNO,CODIGO,NOMBRE,CLAVE) VALUES(015,'20200004D','LAURA TORRES GARC페','LAURA567');
INSERT INTO ALUMNO(IDALUMNO,CODIGO,NOMBRE,CLAVE) VALUES(016,'20200005E','DAVID L흃EZ S쳁CHEZ','DAVID000');
INSERT INTO ALUMNO(IDALUMNO,CODIGO,NOMBRE,CLAVE) VALUES(017,'20210006F','ANA RAMREZ HERN쳁DEZ','ANA321');
INSERT INTO ALUMNO(IDALUMNO,CODIGO,NOMBRE,CLAVE) VALUES(018,'20210007G','JAVIER MORENO JIM텙EZ','JAVIERXYZ');
INSERT INTO ALUMNO(IDALUMNO,CODIGO,NOMBRE,CLAVE) VALUES(019,'20200008H','ELENA D페Z ROMERO','ELENA777');
INSERT INTO ALUMNO(IDALUMNO,CODIGO,NOMBRE,CLAVE) VALUES(020,'20190009I','흅CAR MART펥 MART펥EZ','OSCAR999');
GO

-- UCULMANA 
INSERT INTO ALUMNO(IDALUMNO,CODIGO,NOMBRE,CLAVE) VALUES(051,'20210011B','GABRIEL TIBURCIO ROMERO','JIRAFA');
INSERT INTO ALUMNO(IDALUMNO,CODIGO,NOMBRE,CLAVE) VALUES(052,'20210012A','CLARA RUIZ GONZALEZ','HALCON');
INSERT INTO ALUMNO(IDALUMNO,CODIGO,NOMBRE,CLAVE) VALUES(053,'20210013B','OSCAR VEGA MOLINA','DELFIN');
INSERT INTO ALUMNO(IDALUMNO,CODIGO,NOMBRE,CLAVE) VALUES(054,'20210014A','MIREYA ROJAS HERRERA','CAMELLO');
INSERT INTO ALUMNO(IDALUMNO,CODIGO,NOMBRE,CLAVE) VALUES(055,'20210015B','CESAR PEREZ GUZMAN','CHIMPANCE');
INSERT INTO ALUMNO(IDALUMNO,CODIGO,NOMBRE,CLAVE) VALUES(056,'20210016A','ALICIA DELGADO RIVERO','KOALA');
INSERT INTO ALUMNO(IDALUMNO,CODIGO,NOMBRE,CLAVE) VALUES(057,'20210017B','SONIA MORALES NAVARRO','CANGURO');
INSERT INTO ALUMNO(IDALUMNO,CODIGO,NOMBRE,CLAVE) VALUES(058,'20210018A','SILVIA LOZANO AGUIRRE','ZORRO');
INSERT INTO ALUMNO(IDALUMNO,CODIGO,NOMBRE,CLAVE) VALUES(059,'20210019B','ROBERTO CARLOS PE헤','LOBEZNO');
INSERT INTO ALUMNO(IDALUMNO,CODIGO,NOMBRE,CLAVE) VALUES(060,'20210020A','CARMEN LUCRECIA REYES','PUMA');
GO

-- ASTUCURI
INSERT INTO ALUMNO(IDALUMNO,CODIGO,NOMBRE,CLAVE) VALUES(001,'20210001A','JUAN GUERRERO HUAMAN','JFAM');
INSERT INTO ALUMNO(IDALUMNO,CODIGO,NOMBRE,CLAVE) VALUES(002,'20214231J','JUAN REYNOSO GUZMAN','JRG');
INSERT INTO ALUMNO(IDALUMNO,CODIGO,NOMBRE,CLAVE) VALUES(003,'20210045H','MARIA GARCIA GONZALES','MGG');
INSERT INTO ALUMNO(IDALUMNO,CODIGO,NOMBRE,CLAVE) VALUES(004,'20201465L','ANA RODRIGEZ MARTINEZ','ARM');
INSERT INTO ALUMNO(IDALUMNO,CODIGO,NOMBRE,CLAVE) VALUES(005,'20216244J','MIGUEL TORRES FLORES','MTF');
INSERT INTO ALUMNO(IDALUMNO,CODIGO,NOMBRE,CLAVE) VALUES(006,'20210025G','MIA GONZALES SUVIETA','MGS');
INSERT INTO ALUMNO(IDALUMNO,CODIGO,NOMBRE,CLAVE) VALUES(007,'20210456H','CARLOS SANCHEZ PEREZ','CSP');
INSERT INTO ALUMNO(IDALUMNO,CODIGO,NOMBRE,CLAVE) VALUES(008,'20204515K','SOFIA ROSA PRADO','SRP');
INSERT INTO ALUMNO(IDALUMNO,CODIGO,NOMBRE,CLAVE) VALUES(009,'20204561L','LUCIA BASURTO VASQUEZ','LBV');
INSERT INTO ALUMNO(IDALUMNO,CODIGO,NOMBRE,CLAVE) VALUES(010,'20210454G','DINA CORTEZ SANCHEZ','DCS');
GO



SET IDENTITY_INSERT ALUMNO OFF;
GO

SELECT * FROM ALUMNO;
GO


-- PROGRAMACION DE CURSOS


SET IDENTITY_INSERT PROG_CICLO ON;
GO

-- ESTADISTICA

INSERT INTO PROG_CICLO(IDPROG,CICLO,IDCURSO,IDPROFESOR,HORARIO,VACANTES,MATRICULADOS) VALUES(01,'20231',01,03,'MA 08-11 y JU 14-17',20,0);
INSERT INTO PROG_CICLO(IDPROG,CICLO,IDCURSO,IDPROFESOR,HORARIO,VACANTES,MATRICULADOS) VALUES(02,'20231',02,02,'LU 08-12',20,0);
INSERT INTO PROG_CICLO(IDPROG,CICLO,IDCURSO,IDPROFESOR,HORARIO,VACANTES,MATRICULADOS) VALUES(03,'20231',03,06,'LU 08-11 y VI 14-17',20,0);
INSERT INTO PROG_CICLO(IDPROG,CICLO,IDCURSO,IDPROFESOR,HORARIO,VACANTES,MATRICULADOS) VALUES(04,'20231',10,07,'MA 08-11 y JU 14-17',20,0);
INSERT INTO PROG_CICLO(IDPROG,CICLO,IDCURSO,IDPROFESOR,HORARIO,VACANTES,MATRICULADOS) VALUES(05,'20231',11,11,'MA 08-11 y JU 14-17',20,0);
INSERT INTO PROG_CICLO(IDPROG,CICLO,IDCURSO,IDPROFESOR,HORARIO,VACANTES,MATRICULADOS) VALUES(06,'20231',12,13,'MA 08-11 y JU 14-17',20,0);
INSERT INTO PROG_CICLO(IDPROG,CICLO,IDCURSO,IDPROFESOR,HORARIO,VACANTES,MATRICULADOS) VALUES(07,'20231',20,18,'MA 08-11 y JU 14-17',20,0);
INSERT INTO PROG_CICLO(IDPROG,CICLO,IDCURSO,IDPROFESOR,HORARIO,VACANTES,MATRICULADOS) VALUES(08,'20231',21,16,'MA 08-11 y JU 14-17',20,0);
INSERT INTO PROG_CICLO(IDPROG,CICLO,IDCURSO,IDPROFESOR,HORARIO,VACANTES,MATRICULADOS) VALUES(09,'20231',22,13,'MA 08-11 y JU 14-17',20,0);
INSERT INTO PROG_CICLO(IDPROG,CICLO,IDCURSO,IDPROFESOR,HORARIO,VACANTES,MATRICULADOS) VALUES(10,'20231',30,17,'MA 08-11 y JU 14-17',20,0);
INSERT INTO PROG_CICLO(IDPROG,CICLO,IDCURSO,IDPROFESOR,HORARIO,VACANTES,MATRICULADOS) VALUES(11,'20231',31,12,'MA 08-11 y JU 14-17',20,0);
INSERT INTO PROG_CICLO(IDPROG,CICLO,IDCURSO,IDPROFESOR,HORARIO,VACANTES,MATRICULADOS) VALUES(12,'20231',32,01,'MA 08-11 y JU 14-17',20,0);
INSERT INTO PROG_CICLO(IDPROG,CICLO,IDCURSO,IDPROFESOR,HORARIO,VACANTES,MATRICULADOS) VALUES(13,'20231',50,18,'MA 08-11 y JU 14-17',20,0);
INSERT INTO PROG_CICLO(IDPROG,CICLO,IDCURSO,IDPROFESOR,HORARIO,VACANTES,MATRICULADOS) VALUES(14,'20231',51,04,'MA 08-11 y JU 14-17',20,0);
INSERT INTO PROG_CICLO(IDPROG,CICLO,IDCURSO,IDPROFESOR,HORARIO,VACANTES,MATRICULADOS) VALUES(15,'20231',52,11,'MA 08-11 y JU 14-17',20,0);
INSERT INTO PROG_CICLO(IDPROG,CICLO,IDCURSO,IDPROFESOR,HORARIO,VACANTES,MATRICULADOS) VALUES(16,'20231',60,10,'MA 08-11 y JU 14-17',20,0);
INSERT INTO PROG_CICLO(IDPROG,CICLO,IDCURSO,IDPROFESOR,HORARIO,VACANTES,MATRICULADOS) VALUES(17,'20231',61,12,'MA 08-11 y JU 14-17',20,0);
INSERT INTO PROG_CICLO(IDPROG,CICLO,IDCURSO,IDPROFESOR,HORARIO,VACANTES,MATRICULADOS) VALUES(18,'20231',62,14,'MA 08-11 y JU 14-17',20,0);
GO



SELECT * FROM CURSO WHERE IDESPE=1;
GO


SET IDENTITY_INSERT PROG_CICLO OFF;
GO

SELECT * FROM PROG_CICLO;
GO


